<?xml version="1.0" encoding="UTF-8"?>
<!DOCTYPE log4j:configuration SYSTEM "log4j.dtd">

<log4j:configuration xmlns:log4j="http://jakarta.apache.org/log4j/" debug="false">

   <!-- ================================= -->
   <!-- Preserve messages in a local file -->
   <!-- ================================= -->

   <!-- A time/date based rolling appender -->
   <appender name="FILE" class="org.apache.log4j.DailyRollingFileAppender">
      <param name="File" value="/var/log/cloud/systemvm.log"/>
      <param name="Append" value="true"/>
      <param name="Threshold" value="DEBUG"/>

      <!-- Rollover at midnight each day -->
      <param name="DatePattern" value="'.'yyyy-MM-dd"/>

      <layout class="org.apache.log4j.PatternLayout">
         <param name="ConversionPattern" value="%d %-5p [%c{3}] (%t:%x) %m%n"/>
      </layout>
   </appender>
   
   <!-- ============================== -->
   <!-- Append messages to the console -->
   <!-- ============================== -->

   <appender name="CONSOLE" class="org.apache.log4j.ConsoleAppender">
      <param name="Target" value="System.out"/>
      <param name="Threshold" value="WARN"/>

      <layout class="org.apache.log4j.PatternLayout">
         <param name="ConversionPattern" value="%d{ABSOLUTE} %5p %c{1}:%L - %m%n"/>
      </layout>
   </appender>

   <!-- ================ -->
   <!-- Limit categories -->
   <!-- ================ -->

   <category name="com.cloud.console.ConsoleCanvas">
     <priority value="WARN"/>
   </category>
   
   <category name="com.cloud.consoleproxy.ConsoleProxyAjaxImageHandler">
     <priority value="WARN"/>
   </category>
   
   <category name="com.cloud.consoleproxy.ConsoleProxyViewer">
     <priority value="WARN"/>
   </category>

   <category name="com.cloud.consoleproxy">
     <priority value="INFO"/>
   </category>

   <category name="com.cloud">
     <priority value="DEBUG"/>
   </category>
   
   <!-- Limit the org.apache category to INFO as its DEBUG is verbose -->
   <category name="org.apache">
      <priority value="INFO"/>
   </category>

   <category name="org">
      <priority value="INFO"/>
   </category>
   
   <category name="net">
     <priority value="INFO"/>
   </category>

   <!-- ======================= -->
   <!-- Setup the Root category -->
   <!-- ======================= -->

   <root>
      <level value="INFO"/>
      <appender-ref ref="CONSOLE"/>
      <appender-ref ref="FILE"/>
   </root>

</log4j:configuration>
